essay,score
"In recent years, technology is becoming increasingly important. this problem is growing rapidly across the globe. Overall, the impact is significant.",25
"A major concern in society is sports is becoming increasingly important. this topic plays a key role in human development. Therefore, serious attention is required.",55
"In today's modern world, artificial intelligence is becoming increasingly important. students and professionals are equally influenced by this. Therefore, serious attention is required.",55
"In recent years, social media is becoming increasingly important. governments and citizens must work together on this matter. This shows how important it is in our daily life.",93
"One of the most important issues today is social media is becoming increasingly important. this field is changing the future of humanity. Overall, the impact is significant.",37
"From ancient times to the present, health is becoming increasingly important. students and professionals are equally influenced by this. As a result, awareness must be increased.",80
"In recent years, social media is becoming increasingly important. this problem is growing rapidly across the globe. This will positively impact future generations.",57
"In today's modern world, cyber security is becoming increasingly important. this issue affects people in many different ways. Therefore, serious attention is required.",83
It is widely believed that global warming is becoming increasingly important. this field is changing the future of humanity. This will positively impact future generations.,84
It is widely believed that cyber security is becoming increasingly important. this field is changing the future of humanity. This will positively impact future generations.,81
"In today's modern world, social media is becoming increasingly important. this issue affects people in many different ways. Overall, the impact is significant.",55
"It is widely believed that discipline is becoming increasingly important. students and professionals are equally influenced by this. Overall, the impact is significant.",35
"In recent years, global warming is becoming increasingly important. this issue affects people in many different ways. Therefore, serious attention is required.",58
A major concern in society is artificial intelligence is becoming increasingly important. governments and citizens must work together on this matter. This shows how important it is in our daily life.,54
"It is widely believed that mental health is becoming increasingly important. governments and citizens must work together on this matter. Hence, proper planning is necessary.",44
"Many experts agree that social media is becoming increasingly important. this issue affects people in many different ways. As a result, awareness must be increased.",31
"It is widely believed that health is becoming increasingly important. students and professionals are equally influenced by this. Overall, the impact is significant.",29
One of the most important issues today is online learning is becoming increasingly important. this issue affects people in many different ways. This will positively impact future generations.,27
"In today's modern world, environment is becoming increasingly important. this issue affects people in many different ways. This will positively impact future generations.",98
One of the most important issues today is global warming is becoming increasingly important. this topic plays a key role in human development. This shows how important it is in our daily life.,72
"In recent years, artificial intelligence is becoming increasingly important. students and professionals are equally influenced by this. Overall, the impact is significant.",76
"From ancient times to the present, pollution is becoming increasingly important. this problem is growing rapidly across the globe. Overall, the impact is significant.",57
"Many experts agree that technology is becoming increasingly important. students and professionals are equally influenced by this. Overall, the impact is significant.",82
"One of the most important issues today is economy is becoming increasingly important. this problem is growing rapidly across the globe. Hence, proper planning is necessary.",37
"One of the most important issues today is pollution is becoming increasingly important. this issue affects people in many different ways. Hence, proper planning is necessary.",64
Many experts agree that online learning is becoming increasingly important. this field is changing the future of humanity. This shows how important it is in our daily life.,91
"In today's modern world, economy is becoming increasingly important. this issue affects people in many different ways. This shows how important it is in our daily life.",53
"It is widely believed that education is becoming increasingly important. this problem is growing rapidly across the globe. Hence, proper planning is necessary.",55
Many experts agree that environment is becoming increasingly important. this topic plays a key role in human development. This will positively impact future generations.,96
"From ancient times to the present, social media is becoming increasingly important. this field is changing the future of humanity. As a result, awareness must be increased.",95
"It is widely believed that online learning is becoming increasingly important. this topic plays a key role in human development. Overall, the impact is significant.",51
"Many experts agree that health is becoming increasingly important. this problem is growing rapidly across the globe. Hence, proper planning is necessary.",66
"In today's modern world, environment is becoming increasingly important. this problem is growing rapidly across the globe. Hence, proper planning is necessary.",57
"In today's modern world, pollution is becoming increasingly important. this problem is growing rapidly across the globe. This shows how important it is in our daily life.",34
"One of the most important issues today is artificial intelligence is becoming increasingly important. this problem is growing rapidly across the globe. Hence, proper planning is necessary.",41
"It is widely believed that mental health is becoming increasingly important. this topic plays a key role in human development. Overall, the impact is significant.",91
"One of the most important issues today is health is becoming increasingly important. this field is changing the future of humanity. Overall, the impact is significant.",79
One of the most important issues today is mental health is becoming increasingly important. students and professionals are equally influenced by this. This shows how important it is in our daily life.,70
"Many experts agree that space exploration is becoming increasingly important. students and professionals are equally influenced by this. As a result, awareness must be increased.",92
"Many experts agree that cyber security is becoming increasingly important. this field is changing the future of humanity. Hence, proper planning is necessary.",83
"It is widely believed that renewable energy is becoming increasingly important. students and professionals are equally influenced by this. Hence, proper planning is necessary.",37
"Many experts agree that social media is becoming increasingly important. this topic plays a key role in human development. Hence, proper planning is necessary.",34
"One of the most important issues today is environment is becoming increasingly important. this issue affects people in many different ways. Overall, the impact is significant.",84
"A major concern in society is social media is becoming increasingly important. students and professionals are equally influenced by this. As a result, awareness must be increased.",33
A major concern in society is pollution is becoming increasingly important. this topic plays a key role in human development. This will positively impact future generations.,76
"In recent years, health is becoming increasingly important. this issue affects people in many different ways. As a result, awareness must be increased.",97
"In today's modern world, global warming is becoming increasingly important. students and professionals are equally influenced by this. This will positively impact future generations.",59
"In recent years, discipline is becoming increasingly important. this topic plays a key role in human development. This will positively impact future generations.",91
"One of the most important issues today is discipline is becoming increasingly important. students and professionals are equally influenced by this. Hence, proper planning is necessary.",66
"Many experts agree that renewable energy is becoming increasingly important. governments and citizens must work together on this matter. As a result, awareness must be increased.",97
One of the most important issues today is social media is becoming increasingly important. students and professionals are equally influenced by this. This will positively impact future generations.,30
One of the most important issues today is discipline is becoming increasingly important. students and professionals are equally influenced by this. This shows how important it is in our daily life.,47
"One of the most important issues today is artificial intelligence is becoming increasingly important. this topic plays a key role in human development. Therefore, serious attention is required.",39
"In today's modern world, economy is becoming increasingly important. this issue affects people in many different ways. Hence, proper planning is necessary.",85
"One of the most important issues today is environment is becoming increasingly important. this issue affects people in many different ways. As a result, awareness must be increased.",39
"In recent years, cyber security is becoming increasingly important. this problem is growing rapidly across the globe. Overall, the impact is significant.",98
"One of the most important issues today is pollution is becoming increasingly important. this issue affects people in many different ways. As a result, awareness must be increased.",56
"In recent years, artificial intelligence is becoming increasingly important. this topic plays a key role in human development. This will positively impact future generations.",96
"In today's modern world, cyber security is becoming increasingly important. this problem is growing rapidly across the globe. This will positively impact future generations.",91
One of the most important issues today is artificial intelligence is becoming increasingly important. governments and citizens must work together on this matter. This will positively impact future generations.,98
It is widely believed that social media is becoming increasingly important. this issue affects people in many different ways. This shows how important it is in our daily life.,34
"From ancient times to the present, pollution is becoming increasingly important. students and professionals are equally influenced by this. This will positively impact future generations.",25
"It is widely believed that renewable energy is becoming increasingly important. this problem is growing rapidly across the globe. Hence, proper planning is necessary.",95
"It is widely believed that economy is becoming increasingly important. this problem is growing rapidly across the globe. Therefore, serious attention is required.",98
"In recent years, technology is becoming increasingly important. this field is changing the future of humanity. This shows how important it is in our daily life.",96
"One of the most important issues today is online learning is becoming increasingly important. students and professionals are equally influenced by this. Therefore, serious attention is required.",70
"In today's modern world, mental health is becoming increasingly important. students and professionals are equally influenced by this. Therefore, serious attention is required.",58
"One of the most important issues today is cyber security is becoming increasingly important. this topic plays a key role in human development. Therefore, serious attention is required.",54
"From ancient times to the present, discipline is becoming increasingly important. governments and citizens must work together on this matter. This will positively impact future generations.",52
"Many experts agree that renewable energy is becoming increasingly important. governments and citizens must work together on this matter. Therefore, serious attention is required.",91
"In recent years, online learning is becoming increasingly important. this topic plays a key role in human development. Hence, proper planning is necessary.",87
"A major concern in society is discipline is becoming increasingly important. this topic plays a key role in human development. Overall, the impact is significant.",52
"In recent years, technology is becoming increasingly important. governments and citizens must work together on this matter. Hence, proper planning is necessary.",34
"In recent years, cyber security is becoming increasingly important. students and professionals are equally influenced by this. This will positively impact future generations.",55
It is widely believed that renewable energy is becoming increasingly important. this issue affects people in many different ways. This will positively impact future generations.,97
"One of the most important issues today is education is becoming increasingly important. governments and citizens must work together on this matter. Hence, proper planning is necessary.",52
"In recent years, education is becoming increasingly important. this field is changing the future of humanity. Therefore, serious attention is required.",69
One of the most important issues today is cyber security is becoming increasingly important. this field is changing the future of humanity. This will positively impact future generations.,91
"Many experts agree that discipline is becoming increasingly important. this issue affects people in many different ways. As a result, awareness must be increased.",89
"It is widely believed that cyber security is becoming increasingly important. this issue affects people in many different ways. As a result, awareness must be increased.",36
"From ancient times to the present, cyber security is becoming increasingly important. this problem is growing rapidly across the globe. Hence, proper planning is necessary.",55
"In recent years, education is becoming increasingly important. governments and citizens must work together on this matter. As a result, awareness must be increased.",73
Many experts agree that cyber security is becoming increasingly important. this problem is growing rapidly across the globe. This shows how important it is in our daily life.,95
"In today's modern world, sports is becoming increasingly important. this field is changing the future of humanity. Therefore, serious attention is required.",48
"Many experts agree that economy is becoming increasingly important. this issue affects people in many different ways. Hence, proper planning is necessary.",92
"In today's modern world, artificial intelligence is becoming increasingly important. students and professionals are equally influenced by this. Overall, the impact is significant.",32
"A major concern in society is renewable energy is becoming increasingly important. this topic plays a key role in human development. Overall, the impact is significant.",94
"Many experts agree that sports is becoming increasingly important. this topic plays a key role in human development. Overall, the impact is significant.",41
"Many experts agree that health is becoming increasingly important. this field is changing the future of humanity. Therefore, serious attention is required.",71
A major concern in society is pollution is becoming increasingly important. this problem is growing rapidly across the globe. This shows how important it is in our daily life.,95
"One of the most important issues today is sports is becoming increasingly important. this issue affects people in many different ways. Therefore, serious attention is required.",84
"One of the most important issues today is environment is becoming increasingly important. this field is changing the future of humanity. Therefore, serious attention is required.",92
"Many experts agree that pollution is becoming increasingly important. this issue affects people in many different ways. Overall, the impact is significant.",88
"In today's modern world, economy is becoming increasingly important. this topic plays a key role in human development. This will positively impact future generations.",41
"Many experts agree that discipline is becoming increasingly important. students and professionals are equally influenced by this. Overall, the impact is significant.",33
"Many experts agree that economy is becoming increasingly important. this problem is growing rapidly across the globe. As a result, awareness must be increased.",75
"From ancient times to the present, cyber security is becoming increasingly important. students and professionals are equally influenced by this. This shows how important it is in our daily life.",79
A major concern in society is artificial intelligence is becoming increasingly important. students and professionals are equally influenced by this. This will positively impact future generations.,94
"A major concern in society is mental health is becoming increasingly important. this problem is growing rapidly across the globe. Therefore, serious attention is required.",79
"One of the most important issues today is mental health is becoming increasingly important. governments and citizens must work together on this matter. Hence, proper planning is necessary.",92
